chinese-bj-g1a.pdf	语文部编版1年级上册.pdf	10502884
chinese-bj-g1b.pdf	语文部编版1年级下册.pdf	11991869
chinese-bj-g2a.pdf	语文部编版2年级上册.pdf	12924031
chinese-bj-g2b.pdf	语文部编版2年级下册.pdf	12756238
chinese-bj-g3a.pdf	语文部编版3年级上册.pdf	12308429
chinese-bj-g3b.pdf	语文部编版3年级下册.pdf	12065669
chinese-bj-g4a.pdf	语文部编版4年级上册.pdf	18952430
chinese-bj-g4b.pdf	语文部编版4年级下册.pdf	15995974
chinese-bj-g5a.pdf	语文部编版5年级上册.pdf	15981540
chinese-bj-g5b.pdf	语文部编版5年级下册.pdf	14327145
chinese-bj-g6a.pdf	语文部编版6年级上册.pdf	14503311
chinese-bj-g6b.pdf	语文部编版6年级下册.pdf	14114299
chinese-bj-g7a.pdf	语文部编版7年级上册.pdf	16662910
chinese-bj-g7b.pdf	语文部编版7年级下册.pdf	18960615
chinese-bj-g8a.pdf	语文部编版8年级上册.pdf	18237456
chinese-bj-g8b.pdf	语文部编版8年级下册.pdf	17416419
chinese-bj-g9a.pdf	语文部编版9年级上册.pdf	17816200
chinese-bj-g9b.pdf	语文部编版9年级下册.pdf	17045839
math-bnu-g1a.pdf	数学北师大版1年级上册.pdf	9522844
math-bnu-g1b.pdf	数学北师大版1年级下册.pdf	9506422
math-bnu-g2a.pdf	数学北师大版2年级上册.pdf	11223192
math-bnu-g2b.pdf	数学北师大版2年级下册.pdf	10439625
math-bnu-g3a.pdf	数学北师大版3年级上册.pdf	11601719
math-bnu-g3b.pdf	数学北师大版3年级下册.pdf	10565452
math-bnu-g4a.pdf	数学北师大版4年级上册.pdf	22725541
math-bnu-g4b.pdf	数学北师大版4年级下册.pdf	11743675
math-bnu-g5a.pdf	数学北师大版5年级上册.pdf	26011289
math-bnu-g5b.pdf	数学北师大版5年级下册.pdf	10464222
math-bnu-g6a.pdf	数学北师大版6年级上册.pdf	12093627
math-bnu-g6b.pdf	数学北师大版6年级下册.pdf	12208264
math-bnu-g7a.pdf	数学北师大版7年级上册.pdf	17090687
math-bnu-g7b.pdf	数学北师大版7年级下册.pdf	15354561
math-bnu-g8a.pdf	数学北师大版8年级上册.pdf	18493092
math-bnu-g8b.pdf	数学北师大版8年级下册.pdf	15510469
math-bnu-g9a.pdf	数学北师大版9年级上册.pdf	15455781
math-bnu-g9b.pdf	数学北师大版9年级下册.pdf	10938397
english-ox-g3a.pdf	英语沪教牛津版3年级上册.pdf	10909543
english-ox-g3b.pdf	英语沪教牛津版3年级下册.pdf	10552916
english-sh-g4a.pdf	英语沪教版四年级上册.pdf	20996668
english-ox-g4b.pdf	英语沪教牛津版4年级下册.pdf	10211022
english-sh-g5a.pdf	英语沪教版五年级上册.pdf	23220801
english-ox-g5b.pdf	英语沪教牛津版5年级下册.pdf	11125476
english-ox-g6a.pdf	英语沪教牛津版6年级上册.pdf	10116794
english-ox-g6b.pdf	英语沪教牛津版6年级下册.pdf	11188094
english-ox-g7a.pdf	英语沪教牛津版7年级上册.pdf	17805348
english-ox-g7b.pdf	英语沪教牛津版7年级下册.pdf	18365702
english-ox-g8a.pdf	英语沪教牛津版8年级上册.pdf	17847834
english-ox-g8b.pdf	英语沪教牛津版8年级下册.pdf	18518905
english-ox-g9a.pdf	英语沪教牛津版9年级上册.pdf	17934005
english-ox-g9b.pdf	英语沪教牛津版9年级下册.pdf	14440648
science-ed-g1a.pdf	科学教科版1年级上册.pdf	7647891
science-ed-g1b.pdf	科学教科版1年级下册.pdf	6130757
science-ed-g2a.pdf	科学教科版2年级上册.pdf	6796703
science-ed-g2b.pdf	科学教科版2年级下册.pdf	6109679
science-ed-g3a.pdf	科学教科版3年级上册.pdf	10723411
science-ed-g3b.pdf	科学教科版3年级下册.pdf	10739330
science-ed-g4a.pdf	科学教科版4年级上册.pdf	242262069
science-ed-g4a-lite.pdf	科学四年级上册(压缩).pdf	9725136
science-ed-g4b.pdf	科学教科版4年级下册.pdf	112230779
science-ed-g4b-lite.pdf	科学四年级下册(压缩).pdf	9052695
science-ed-g5a.pdf	科学教科版5年级上册.pdf	55886978
science-ed-g5b.pdf	科学教科版5年级下册.pdf	10512001
science-ed-g6a.pdf	科学教科版6年级上册.pdf	14908643
science-ed-g6b.pdf	科学教科版6年级下册.pdf	12137901
physics-pep-g8a.pdf	物理人教版8年级上册.pdf	16249861
physics-pep-g8b.pdf	物理人教版8年级下册.pdf	12068348
physics-pep-g9.pdf	物理人教版9年级全一册.pdf	20678556
chemistry-pep-g9a.pdf	化学人教版9年级上册.pdf	18310115
chemistry-pep-g9b.pdf	化学人教版9年级下册.pdf	11856537
biology-pep-g7a.pdf	生物人教版7年级上册.pdf	30990676
biology-pep-g7b.pdf	生物人教版7年级下册.pdf	31360127
biology-pep-g8a.pdf	生物人教版8年级上册.pdf	14031533
biology-pep-g8b.pdf	生物人教版8年级下册.pdf	11417207
history-pep-g7a.pdf	历史人教版7年级上册.pdf	29158681
history-pep-g7b.pdf	历史人教版7年级下册.pdf	14778398
history-pep-g8a.pdf	历史人教版8年级上册.pdf	16303475
history-pep-g8b.pdf	历史人教版8年级下册.pdf	17934156
history-pep-g9a.pdf	历史人教版9年级上册.pdf	15179856
history-pep-g9b.pdf	历史人教版9年级下册.pdf	12493280
geography-xj-g7a.pdf	地理湘教版7年级上册.pdf	25030249
geography-xj-g7b.pdf	地理湘教版7年级下册.pdf	40917816
geography-xj-g8a.pdf	地理湘教版8年级上册.pdf	15655818
geography-xj-g8b.pdf	地理湘教版8年级下册.pdf	17202745
ethics-pep-g7a.pdf	道德与法治人教版7年级上册.pdf	9736802
ethics-pep-g7b.pdf	道德与法治人教版7年级下册.pdf	10382451
ethics-pep-g8a.pdf	道德与法治人教版8年级上册.pdf	11798266
ethics-pep-g8b.pdf	道德与法治人教版8年级下册.pdf	12359294
ethics-pep-g9a.pdf	道德与法治人教版9年级上册.pdf	11490679
ethics-pep-g9b.pdf	道德与法治人教版9年级下册.pdf	9520471
